rotor_diameter_m,altitude_m,temp_offset_C,rpm,thrust_N,torque_Nm,efficiency_percent
2,0,-20,1000,653.4965816,544.5804847,73.75
2,0,-20,1100,790.7308638,658.9423865,74.24
2,0,-20,1200,941.0350776,784.195898,74.71
2,0,-20,1300,1104.409223,920.3410191,75.16
2,0,-20,1400,1280.8533,1067.37775,75.59
2,0,-20,1500,1470.367309,1225.306091,76
2,0,-20,1600,1672.951249,1394.126041,76.39
2,0,-20,1700,1888.605121,1573.837601,76.76
2,0,-20,1800,2117.328925,1764.44077,77.11
2,0,-20,1900,2359.12266,1965.93555,77.44
2,0,-20,2000,2613.986327,2178.321939,77.75
2,0,-20,2100,2881.919925,2401.599938,78.04
2,0,-20,2200,3162.923455,2635.769546,78.31
2,0,-20,2300,3456.996917,2880.830764,78.56
2,0,-20,2400,3764.14031,3136.783592,78.79
2,0,-20,2500,4084.353635,3403.628029,79
2,0,-20,2600,4417.636892,3681.364077,79.19
2,0,-20,2700,4763.99008,3969.991733,79.36
2,0,-20,2800,5123.4132,4269.511,79.51
2,0,-20,2900,5495.906252,4579.921876,79.64
2,0,-20,3000,5881.469235,4901.224362,79.75
2,0,-20,3100,6280.10215,5233.418458,79.84
2,0,-20,3200,6691.804996,5576.504163,79.91
2,0,-20,3300,7116.577774,5930.481478,79.96
2,0,-20,3400,7554.420484,6295.350403,79.99
2,0,-20,3500,8005.333125,6671.110938,80
2,0,-20,3600,8469.315698,7057.763082,79.99
2,0,-20,3700,8946.368203,7455.306836,79.96
2,0,-20,3800,9436.490639,7863.742199,79.91
2,0,-20,3900,9939.683007,8283.069172,79.84
2,0,-20,4000,10455.94531,8713.287755,79.75
2,0,-20,4100,10985.27754,9154.397948,79.64
2,0,-20,4200,11527.6797,9606.39975,79.51
2,0,-20,4300,12083.15179,10069.29316,79.36
2,0,-20,4400,12651.69382,10543.07818,79.19
2,0,-20,4500,13233.30578,11027.75482,79
2,0,-20,4600,13827.98767,11523.32306,78.79
2,0,-20,4700,14435.73949,12029.78291,78.56
2,0,-20,4800,15056.56124,12547.13437,78.31
2,0,-20,4900,15690.45293,13075.37744,78.04
2,0,-20,5000,16337.41454,13614.51212,77.75
2,0,-20,5100,16997.44609,14164.53841,77.44
2,0,-20,5200,17670.54757,14725.45631,77.11
2,0,-20,5300,18356.71898,15297.26582,76.76
2,0,-20,5400,19055.96032,15879.96693,76.39
2,0,-20,5500,19768.27159,16473.55966,76
2,0,-20,5600,20493.6528,17078.044,75.59
2,0,-20,5700,21232.10394,17693.41995,75.16
2,0,-20,5800,21983.62501,18319.68751,74.71
2,0,-20,5900,22748.21601,18956.84667,74.24
2,0,-20,6000,23525.87694,19604.89745,73.75
2,0,0,1000,653.3333333,544.4444444,73.75
2,0,0,1100,790.5333333,658.7777778,74.24
2,0,0,1200,940.8,784,74.71
2,0,0,1300,1104.133333,920.1111111,75.16
2,0,0,1400,1280.533333,1067.111111,75.59
2,0,0,1500,1470,1225,76
2,0,0,1600,1672.533333,1393.777778,76.39
2,0,0,1700,1888.133333,1573.444444,76.76
2,0,0,1800,2116.8,1764,77.11
2,0,0,1900,2358.533333,1965.444444,77.44
2,0,0,2000,2613.333333,2177.777778,77.75
2,0,0,2100,2881.2,2401,78.04
2,0,0,2200,3162.133333,2635.111111,78.31
2,0,0,2300,3456.133333,2880.111111,78.56
2,0,0,2400,3763.2,3136,78.79
2,0,0,2500,4083.333333,3402.777778,79
2,0,0,2600,4416.533333,3680.444444,79.19
2,0,0,2700,4762.8,3969,79.36
2,0,0,2800,5122.133333,4268.444444,79.51
2,0,0,2900,5494.533333,4578.777778,79.64
2,0,0,3000,5880,4900,79.75
2,0,0,3100,6278.533333,5232.111111,79.84
2,0,0,3200,6690.133333,5575.111111,79.91
2,0,0,3300,7114.8,5929,79.96
2,0,0,3400,7552.533333,6293.777778,79.99
2,0,0,3500,8003.333333,6669.444444,80
2,0,0,3600,8467.2,7056,79.99
2,0,0,3700,8944.133333,7453.444444,79.96
2,0,0,3800,9434.133333,7861.777778,79.91
2,0,0,3900,9937.2,8281,79.84
2,0,0,4000,10453.33333,8711.111111,79.75
2,0,0,4100,10982.53333,9152.111111,79.64
2,0,0,4200,11524.8,9604,79.51
2,0,0,4300,12080.13333,10066.77778,79.36
2,0,0,4400,12648.53333,10540.44444,79.19
2,0,0,4500,13230,11025,79
2,0,0,4600,13824.53333,11520.44444,78.79
2,0,0,4700,14432.13333,12026.77778,78.56
2,0,0,4800,15052.8,12544,78.31
2,0,0,4900,15686.53333,13072.11111,78.04
2,0,0,5000,16333.33333,13611.11111,77.75
2,0,0,5100,16993.2,14161,77.44
2,0,0,5200,17666.13333,14721.77778,77.11
2,0,0,5300,18352.13333,15293.44444,76.76
2,0,0,5400,19051.2,15876,76.39
2,0,0,5500,19763.33333,16469.44444,76
2,0,0,5600,20488.53333,17073.77778,75.59
2,0,0,5700,21226.8,17689,75.16
2,0,0,5800,21978.13333,18315.11111,74.71
2,0,0,5900,22742.53333,18952.11111,74.24
2,0,0,6000,23520,19600,73.75
2,0,20,1000,653.170085,544.3084042,73.75
2,0,20,1100,790.3358029,658.6131691,74.24
2,0,20,1200,940.5649224,783.804102,74.71
2,0,20,1300,1103.857444,919.8812031,75.16
2,0,20,1400,1280.213367,1066.844472,75.59
2,0,20,1500,1469.632691,1224.693909,76
2,0,20,1600,1672.115418,1393.429515,76.39
2,0,20,1700,1887.661546,1573.051288,76.76
2,0,20,1800,2116.271075,1763.55923,77.11
2,0,20,1900,2357.944007,1964.953339,77.44
2,0,20,2000,2612.68034,2177.233617,77.75
2,0,20,2100,2880.480075,2400.400062,78.04
2,0,20,2200,3161.343212,2634.452676,78.31
2,0,20,2300,3455.26975,2879.391458,78.56
2,0,20,2400,3762.25969,3135.216408,78.79
2,0,20,2500,4082.313031,3401.927526,79
2,0,20,2600,4415.429775,3679.524812,79.19
2,0,20,2700,4761.60992,3968.008267,79.36
2,0,20,2800,5120.853467,4267.377889,79.51
2,0,20,2900,5493.160415,4577.633679,79.64
2,0,20,3000,5878.530765,4898.775638,79.75
2,0,20,3100,6276.964517,5230.803764,79.84
2,0,20,3200,6688.461671,5573.718059,79.91
2,0,20,3300,7113.022226,5927.518522,79.96
2,0,20,3400,7550.646183,6292.205152,79.99
2,0,20,3500,8001.333542,6667.777951,80
2,0,20,3600,8465.084302,7054.236918,79.99
2,0,20,3700,8941.898464,7451.582053,79.96
2,0,20,3800,9431.776028,7859.813356,79.91
2,0,20,3900,9934.716993,8278.930828,79.84
2,0,20,4000,10450.72136,8708.934467,79.75
2,0,20,4100,10979.78913,9149.824274,79.64
2,0,20,4200,11521.9203,9601.60025,79.51
2,0,20,4300,12077.11487,10064.26239,79.36
2,0,20,4400,12645.37285,10537.81071,79.19
2,0,20,4500,13226.69422,11022.24518,79
2,0,20,4600,13821.079,11517.56583,78.79
2,0,20,4700,14428.52718,12023.77265,78.56
2,0,20,4800,15049.03876,12540.86563,78.31
2,0,20,4900,15682.61374,13068.84478,78.04
2,0,20,5000,16329.25213,13607.7101,77.75
2,0,20,5100,16988.95391,14157.46159,77.44
2,0,20,5200,17661.7191,14718.09925,77.11
2,0,20,5300,18347.54769,15289.62307,76.76
2,0,20,5400,19046.43968,15872.03307,76.39
2,0,20,5500,19758.39507,16465.32923,76
2,0,20,5600,20483.41387,17069.51156,75.59
2,0,20,5700,21221.49606,17684.58005,75.16
2,0,20,5800,21972.64166,18310.53472,74.71
2,0,20,5900,22736.85066,18947.37555,74.24
2,0,20,6000,23514.12306,19595.10255,73.75
2,2000,-20,1000,536.6673968,447.2228307,73.75
2,2000,-20,1100,649.3675502,541.1396251,74.24
2,2000,-20,1200,772.8010515,644.0008762,74.71
2,2000,-20,1300,906.9679007,755.8065839,75.16
2,2000,-20,1400,1051.868098,876.5567482,75.59
2,2000,-20,1500,1207.501643,1006.251369,76
2,2000,-20,1600,1373.868536,1144.890447,76.39
2,2000,-20,1700,1550.968777,1292.473981,76.76
2,2000,-20,1800,1738.802366,1449.001971,77.11
2,2000,-20,1900,1937.369303,1614.474419,77.44
2,2000,-20,2000,2146.669587,1788.891323,77.75
2,2000,-20,2100,2366.70322,1972.252683,78.04
2,2000,-20,2200,2597.470201,2164.558501,78.31
2,2000,-20,2300,2838.970529,2365.808774,78.56
2,2000,-20,2400,3091.204206,2576.003505,78.79
2,2000,-20,2500,3354.17123,2795.142692,79
2,2000,-20,2600,3627.871603,3023.226336,79.19
2,2000,-20,2700,3912.305323,3260.254436,79.36
2,2000,-20,2800,4207.472391,3506.226993,79.51
2,2000,-20,2900,4513.372807,3761.144006,79.64
2,2000,-20,3000,4830.006572,4025.005476,79.75
2,2000,-20,3100,5157.373684,4297.811403,79.84
2,2000,-20,3200,5495.474144,4579.561786,79.91
2,2000,-20,3300,5844.307952,4870.256626,79.96
2,2000,-20,3400,6203.875107,5169.895923,79.99
2,2000,-20,3500,6574.175611,5478.479676,80
2,2000,-20,3600,6955.209463,5796.007886,79.99
2,2000,-20,3700,7346.976663,6122.480552,79.96
2,2000,-20,3800,7749.47721,6457.897675,79.91
2,2000,-20,3900,8162.711106,6802.259255,79.84
2,2000,-20,4000,8586.678349,7155.565291,79.75
2,2000,-20,4100,9021.378941,7517.815784,79.64
2,2000,-20,4200,9466.81288,7889.010734,79.51
2,2000,-20,4300,9922.980168,8269.15014,79.36
2,2000,-20,4400,10389.8808,8658.234002,79.19
2,2000,-20,4500,10867.51479,9056.262322,79
2,2000,-20,4600,11355.88212,9463.235098,78.79
2,2000,-20,4700,11854.9828,9879.15233,78.56
2,2000,-20,4800,12364.81682,10304.01402,78.31
2,2000,-20,4900,12885.3842,10737.82017,78.04
2,2000,-20,5000,13416.68492,11180.57077,77.75
2,2000,-20,5100,13958.71899,11632.26583,77.44
2,2000,-20,5200,14511.48641,12092.90534,77.11
2,2000,-20,5300,15074.98718,12562.48931,76.76
2,2000,-20,5400,15649.22129,13041.01774,76.39
2,2000,-20,5500,16234.18875,13528.49063,76
2,2000,-20,5600,16829.88956,14024.90797,75.59
2,2000,-20,5700,17436.32372,14530.26977,75.16
2,2000,-20,5800,18053.49123,15044.57602,74.71
2,2000,-20,5900,18681.39208,15567.82674,74.24
2,2000,-20,6000,19320.02629,16100.02191,73.75
2,2000,0,1000,536.5333333,447.1111111,73.75
2,2000,0,1100,649.2053333,541.0044444,74.24
2,2000,0,1200,772.608,643.84,74.71
2,2000,0,1300,906.7413333,755.6177778,75.16
2,2000,0,1400,1051.605333,876.3377778,75.59
2,2000,0,1500,1207.2,1006,76
2,2000,0,1600,1373.525333,1144.604444,76.39
2,2000,0,1700,1550.581333,1292.151111,76.76
2,2000,0,1800,1738.368,1448.64,77.11
2,2000,0,1900,1936.885333,1614.071111,77.44
2,2000,0,2000,2146.133333,1788.444444,77.75
2,2000,0,2100,2366.112,1971.76,78.04
2,2000,0,2200,2596.821333,2164.017778,78.31
2,2000,0,2300,2838.261333,2365.217778,78.56
2,2000,0,2400,3090.432,2575.36,78.79
2,2000,0,2500,3353.333333,2794.444444,79
2,2000,0,2600,3626.965333,3022.471111,79.19
2,2000,0,2700,3911.328,3259.44,79.36
2,2000,0,2800,4206.421333,3505.351111,79.51
2,2000,0,2900,4512.245333,3760.204444,79.64
2,2000,0,3000,4828.8,4024,79.75
2,2000,0,3100,5156.085333,4296.737778,79.84
2,2000,0,3200,5494.101333,4578.417778,79.91
2,2000,0,3300,5842.848,4869.04,79.96
2,2000,0,3400,6202.325333,5168.604444,79.99
2,2000,0,3500,6572.533333,5477.111111,80
2,2000,0,3600,6953.472,5794.56,79.99
2,2000,0,3700,7345.141333,6120.951111,79.96
2,2000,0,3800,7747.541333,6456.284444,79.91
2,2000,0,3900,8160.672,6800.56,79.84
2,2000,0,4000,8584.533333,7153.777778,79.75
2,2000,0,4100,9019.125333,7515.937778,79.64
2,2000,0,4200,9464.448,7887.04,79.51
2,2000,0,4300,9920.501333,8267.084444,79.36
2,2000,0,4400,10387.28533,8656.071111,79.19
2,2000,0,4500,10864.8,9054,79
2,2000,0,4600,11353.04533,9460.871111,78.79
2,2000,0,4700,11852.02133,9876.684444,78.56
2,2000,0,4800,12361.728,10301.44,78.31
2,2000,0,4900,12882.16533,10735.13778,78.04
2,2000,0,5000,13413.33333,11177.77778,77.75
2,2000,0,5100,13955.232,11629.36,77.44
2,2000,0,5200,14507.86133,12089.88444,77.11
2,2000,0,5300,15071.22133,12559.35111,76.76
2,2000,0,5400,15645.312,13037.76,76.39
2,2000,0,5500,16230.13333,13525.11111,76
2,2000,0,5600,16825.68533,14021.40444,75.59
2,2000,0,5700,17431.968,14526.64,75.16
2,2000,0,5800,18048.98133,15040.81778,74.71
2,2000,0,5900,18676.72533,15563.93778,74.24
2,2000,0,6000,19315.2,16096,73.75
2,2000,20,1000,536.3992698,446.9993915,73.75
2,2000,20,1100,649.0431165,540.8692637,74.24
2,2000,20,1200,772.4149485,643.6791238,74.71
2,2000,20,1300,906.514766,755.4289717,75.16
2,2000,20,1400,1051.342569,876.1188074,75.59
2,2000,20,1500,1206.898357,1005.748631,76
2,2000,20,1600,1373.182131,1144.318442,76.39
2,2000,20,1700,1550.19389,1291.828241,76.76
2,2000,20,1800,1737.933634,1448.278029,77.11
2,2000,20,1900,1936.401364,1613.667803,77.44
2,2000,20,2000,2145.597079,1787.997566,77.75
2,2000,20,2100,2365.52078,1971.267317,78.04
2,2000,20,2200,2596.172466,2163.477055,78.31
2,2000,20,2300,2837.552137,2364.626781,78.56
2,2000,20,2400,3089.659794,2574.716495,78.79
2,2000,20,2500,3352.495436,2793.746197,79
2,2000,20,2600,3626.059064,3021.715887,79.19
2,2000,20,2700,3910.350677,3258.625564,79.36
2,2000,20,2800,4205.370275,3504.47523,79.51
2,2000,20,2900,4511.117859,3759.264883,79.64
2,2000,20,3000,4827.593428,4022.994524,79.75
2,2000,20,3100,5154.796983,4295.664153,79.84
2,2000,20,3200,5492.728523,4577.273769,79.91
2,2000,20,3300,5841.388048,4867.823374,79.96
2,2000,20,3400,6200.775559,5167.312966,79.99
2,2000,20,3500,6570.891055,5475.742546,80
2,2000,20,3600,6951.734537,5793.112114,79.99
2,2000,20,3700,7343.306004,6119.42167,79.96
2,2000,20,3800,7745.605456,6454.671214,79.91
2,2000,20,3900,8158.632894,6798.860745,79.84
2,2000,20,4000,8582.388317,7151.990264,79.75
2,2000,20,4100,9016.871726,7514.059771,79.64
2,2000,20,4200,9462.08312,7885.069266,79.51
2,2000,20,4300,9918.022499,8265.018749,79.36
2,2000,20,4400,10384.68986,8653.90822,79.19
2,2000,20,4500,10862.08521,9051.737678,79
2,2000,20,4600,11350.20855,9458.507125,78.79
2,2000,20,4700,11849.05987,9874.216559,78.56
2,2000,20,4800,12358.63918,10298.86598,78.31
2,2000,20,4900,12878.94647,10732.45539,78.04
2,2000,20,5000,13409.98175,11174.98479,77.75
2,2000,20,5100,13951.74501,11626.45417,77.44
2,2000,20,5200,14504.23626,12086.86355,77.11
2,2000,20,5300,15067.45549,12556.21291,76.76
2,2000,20,5400,15641.40271,13034.50226,76.39
2,2000,20,5500,16226.07791,13521.73159,76
2,2000,20,5600,16821.4811,14017.90092,75.59
2,2000,20,5700,17427.61228,14523.01023,75.16
2,2000,20,5800,18044.47144,15037.05953,74.71
2,2000,20,5900,18672.05858,15560.04882,74.24
2,2000,20,6000,19310.37371,16091.97809,73.75
2,4000,-20,1000,436.9091432,364.0909526,73.75
2,4000,-20,1100,528.6600632,440.5500527,74.24
2,4000,-20,1200,629.1491661,524.2909718,74.71
2,4000,-20,1300,738.3764519,615.3137099,75.16
2,4000,-20,1400,856.3419206,713.6182672,75.59
2,4000,-20,1500,983.0455721,819.2046434,76
2,4000,-20,1600,1118.487406,932.0728387,76.39
2,4000,-20,1700,1262.667424,1052.222853,76.76
2,4000,-20,1800,1415.585624,1179.654687,77.11
2,4000,-20,1900,1577.242007,1314.368339,77.44
2,4000,-20,2000,1747.636573,1456.363811,77.75
2,4000,-20,2100,1926.769321,1605.641101,78.04
2,4000,-20,2200,2114.640253,1762.200211,78.31
2,4000,-20,2300,2311.249367,1926.041139,78.56
2,4000,-20,2400,2516.596665,2097.163887,78.79
2,4000,-20,2500,2730.682145,2275.568454,79
2,4000,-20,2600,2953.505808,2461.25484,79.19
2,4000,-20,2700,3185.067654,2654.223045,79.36
2,4000,-20,2800,3425.367682,2854.473069,79.51
2,4000,-20,2900,3674.405894,3062.004912,79.64
2,4000,-20,3000,3932.182288,3276.818574,79.75
2,4000,-20,3100,4198.696866,3498.914055,79.84
2,4000,-20,3200,4473.949626,3728.291355,79.91
2,4000,-20,3300,4757.940569,3964.950474,79.96
2,4000,-20,3400,5050.669695,4208.891412,79.99
2,4000,-20,3500,5352.137004,4460.11417,80
2,4000,-20,3600,5662.342495,4718.618746,79.99
2,4000,-20,3700,5981.28617,4984.405141,79.96
2,4000,-20,3800,6308.968027,5257.473356,79.91
2,4000,-20,3900,6645.388067,5537.823389,79.84
2,4000,-20,4000,6990.54629,5825.455242,79.75
2,4000,-20,4100,7344.442696,6120.368914,79.64
2,4000,-20,4200,7707.077285,6422.564404,79.51
2,4000,-20,4300,8078.450057,6732.041714,79.36
2,4000,-20,4400,8458.561011,7048.800843,79.19
2,4000,-20,4500,8847.410149,7372.841791,79
2,4000,-20,4600,9244.997469,7704.164558,78.79
2,4000,-20,4700,9651.322972,8042.769144,78.56
2,4000,-20,4800,10066.38666,8388.655549,78.31
2,4000,-20,4900,10490.18853,8741.823773,78.04
2,4000,-20,5000,10922.72858,9102.273816,77.75
2,4000,-20,5100,11364.00681,9470.005678,77.44
2,4000,-20,5200,11814.02323,9845.019359,77.11
2,4000,-20,5300,12272.77783,10227.31486,76.76
2,4000,-20,5400,12740.27061,10616.89218,76.39
2,4000,-20,5500,13216.50158,11013.75132,76
2,4000,-20,5600,13701.47073,11417.89227,75.59
2,4000,-20,5700,14195.17806,11829.31505,75.16
2,4000,-20,5800,14697.62358,12248.01965,74.71
2,4000,-20,5900,15208.80727,12674.00606,74.24
2,4000,-20,6000,15728.72915,13107.27429,73.75
2,4000,0,1000,436.8,364,73.75
2,4000,0,1100,528.528,440.44,74.24
2,4000,0,1200,628.992,524.16,74.71
2,4000,0,1300,738.192,615.16,75.16
2,4000,0,1400,856.128,713.44,75.59
2,4000,0,1500,982.8,819,76
2,4000,0,1600,1118.208,931.84,76.39
2,4000,0,1700,1262.352,1051.96,76.76
2,4000,0,1800,1415.232,1179.36,77.11
2,4000,0,1900,1576.848,1314.04,77.44
2,4000,0,2000,1747.2,1456,77.75
2,4000,0,2100,1926.288,1605.24,78.04
2,4000,0,2200,2114.112,1761.76,78.31
2,4000,0,2300,2310.672,1925.56,78.56
2,4000,0,2400,2515.968,2096.64,78.79
2,4000,0,2500,2730,2275,79
2,4000,0,2600,2952.768,2460.64,79.19
2,4000,0,2700,3184.272,2653.56,79.36
2,4000,0,2800,3424.512,2853.76,79.51
2,4000,0,2900,3673.488,3061.24,79.64
2,4000,0,3000,3931.2,3276,79.75
2,4000,0,3100,4197.648,3498.04,79.84
2,4000,0,3200,4472.832,3727.36,79.91
2,4000,0,3300,4756.752,3963.96,79.96
2,4000,0,3400,5049.408,4207.84,79.99
2,4000,0,3500,5350.8,4459,80
2,4000,0,3600,5660.928,4717.44,79.99
2,4000,0,3700,5979.792,4983.16,79.96
2,4000,0,3800,6307.392,5256.16,79.91
2,4000,0,3900,6643.728,5536.44,79.84
2,4000,0,4000,6988.8,5824,79.75
2,4000,0,4100,7342.608,6118.84,79.64
2,4000,0,4200,7705.152,6420.96,79.51
2,4000,0,4300,8076.432,6730.36,79.36
2,4000,0,4400,8456.448,7047.04,79.19
2,4000,0,4500,8845.2,7371,79
2,4000,0,4600,9242.688,7702.24,78.79
2,4000,0,4700,9648.912,8040.76,78.56
2,4000,0,4800,10063.872,8386.56,78.31
2,4000,0,4900,10487.568,8739.64,78.04
2,4000,0,5000,10920,9100,77.75
2,4000,0,5100,11361.168,9467.64,77.44
2,4000,0,5200,11811.072,9842.56,77.11
2,4000,0,5300,12269.712,10224.76,76.76
2,4000,0,5400,12737.088,10614.24,76.39
2,4000,0,5500,13213.2,11011,76
2,4000,0,5600,13698.048,11415.04,75.59
2,4000,0,5700,14191.632,11826.36,75.16
2,4000,0,5800,14693.952,12244.96,74.71
2,4000,0,5900,15205.008,12670.84,74.24
2,4000,0,6000,15724.8,13104,73.75
2,4000,20,1000,436.6908568,363.9090474,73.75
2,4000,20,1100,528.3959368,440.3299473,74.24
2,4000,20,1200,628.8348339,524.0290282,74.71
2,4000,20,1300,738.0075481,615.0062901,75.16
2,4000,20,1400,855.9140794,713.2617328,75.59
2,4000,20,1500,982.5544279,818.7953566,76
2,4000,20,1600,1117.928594,931.6071613,76.39
2,4000,20,1700,1262.036576,1051.697147,76.76
2,4000,20,1800,1414.878376,1179.065313,77.11
2,4000,20,1900,1576.453993,1313.711661,77.44
2,4000,20,2000,1746.763427,1455.636189,77.75
2,4000,20,2100,1925.806679,1604.838899,78.04
2,4000,20,2200,2113.583747,1761.319789,78.31
2,4000,20,2300,2310.094633,1925.078861,78.56
2,4000,20,2400,2515.339335,2096.116113,78.79
2,4000,20,2500,2729.317855,2274.431546,79
2,4000,20,2600,2952.030192,2460.02516,79.19
2,4000,20,2700,3183.476346,2652.896955,79.36
2,4000,20,2800,3423.656318,2853.046931,79.51
2,4000,20,2900,3672.570106,3060.475088,79.64
2,4000,20,3000,3930.217712,3275.181426,79.75
2,4000,20,3100,4196.599134,3497.165945,79.84
2,4000,20,3200,4471.714374,3726.428645,79.91
2,4000,20,3300,4755.563431,3962.969526,79.96
2,4000,20,3400,5048.146305,4206.788588,79.99
2,4000,20,3500,5349.462996,4457.88583,80
2,4000,20,3600,5659.513505,4716.261254,79.99
2,4000,20,3700,5978.29783,4981.914859,79.96
2,4000,20,3800,6305.815973,5254.846644,79.91
2,4000,20,3900,6642.067933,5535.056611,79.84
2,4000,20,4000,6987.05371,5822.544758,79.75
2,4000,20,4100,7340.773304,6117.311086,79.64
2,4000,20,4200,7703.226715,6419.355596,79.51
2,4000,20,4300,8074.413943,6728.678286,79.36
2,4000,20,4400,8454.334989,7045.279157,79.19
2,4000,20,4500,8842.989851,7369.158209,79
2,4000,20,4600,9240.378531,7700.315442,78.79
2,4000,20,4700,9646.501028,8038.750856,78.56
2,4000,20,4800,10061.35734,8384.464451,78.31
2,4000,20,4900,10484.94747,8737.456227,78.04
2,4000,20,5000,10917.27142,9097.726184,77.75
2,4000,20,5100,11358.32919,9465.274322,77.44
2,4000,20,5200,11808.12077,9840.100641,77.11
2,4000,20,5300,12266.64617,10222.20514,76.76
2,4000,20,5400,12733.90539,10611.58782,76.39
2,4000,20,5500,13209.89842,11008.24868,76
2,4000,20,5600,13694.62527,11412.18773,75.59
2,4000,20,5700,14188.08594,11823.40495,75.16
2,4000,20,5800,14690.28042,12241.90035,74.71
2,4000,20,5900,15201.20873,12667.67394,74.24
2,4000,20,6000,15720.87085,13100.72571,73.75
2.5,0,-20,1000,1595.450639,1661.927749,73.75
2.5,0,-20,1100,1930.495273,2010.932576,74.24
2.5,0,-20,1200,2297.44892,2393.175958,74.71
2.5,0,-20,1300,2696.31158,2808.657895,75.16
2.5,0,-20,1400,3127.083252,3257.378387,75.59
2.5,0,-20,1500,3589.763937,3739.337435,76
2.5,0,-20,1600,4084.353635,4254.535037,76.39
2.5,0,-20,1700,4610.852346,4802.971194,76.76
2.5,0,-20,1800,5169.26007,5384.645906,77.11
2.5,0,-20,1900,5759.576806,5999.559173,77.44
2.5,0,-20,2000,6381.802555,6647.710995,77.75
2.5,0,-20,2100,7035.937317,7329.101372,78.04
2.5,0,-20,2200,7721.981092,8043.730304,78.31
2.5,0,-20,2300,8439.933879,8791.597791,78.56
2.5,0,-20,2400,9189.795679,9572.703833,78.79
2.5,0,-20,2500,9971.566492,10387.04843,79
2.5,0,-20,2600,10785.24632,11234.63158,79.19
2.5,0,-20,2700,11630.83516,12115.45329,79.36
2.5,0,-20,2800,12508.33301,13029.51355,79.51
2.5,0,-20,2900,13417.73987,13976.81237,79.64
2.5,0,-20,3000,14359.05575,14957.34974,79.75
2.5,0,-20,3100,15332.28064,15971.12567,79.84
2.5,0,-20,3200,16337.41454,17018.14015,79.91
2.5,0,-20,3300,17374.45746,18098.39318,79.96
2.5,0,-20,3400,18443.40938,19211.88478,79.99
2.5,0,-20,3500,19544.27032,20358.61492,80
2.5,0,-20,3600,20677.04028,21538.58362,79.99
2.5,0,-20,3700,21841.71924,22751.79088,79.96
2.5,0,-20,3800,23038.30722,23998.23669,79.91
2.5,0,-20,3900,24266.80422,25277.92106,79.84
2.5,0,-20,4000,25527.21022,26590.84398,79.75
2.5,0,-20,4100,26819.52524,27937.00546,79.64
2.5,0,-20,4200,28143.74927,29316.40549,79.51
2.5,0,-20,4300,29499.88231,30729.04407,79.36
2.5,0,-20,4400,30887.92437,32174.92122,79.19
2.5,0,-20,4500,32307.87544,33654.03691,79
2.5,0,-20,4600,33759.73552,35166.39116,78.79
2.5,0,-20,4700,35243.50461,36711.98397,78.56
2.5,0,-20,4800,36759.18272,38290.81533,78.31
2.5,0,-20,4900,38306.76984,39902.88525,78.04
2.5,0,-20,5000,39886.26597,41548.19372,77.75
2.5,0,-20,5100,41497.67111,43226.74074,77.44
2.5,0,-20,5200,43140.98527,44938.52633,77.11
2.5,0,-20,5300,44816.20844,46683.55046,76.76
2.5,0,-20,5400,46523.34063,48461.81315,76.39
2.5,0,-20,5500,48262.38182,50273.3144,76
2.5,0,-20,5600,50033.33203,52118.0542,75.59
2.5,0,-20,5700,51836.19125,53996.03256,75.16
2.5,0,-20,5800,53670.95949,55907.24947,74.71
2.5,0,-20,5900,55537.63674,57851.70493,74.24
2.5,0,-20,6000,57436.223,59829.39895,73.75
2.5,0,0,1000,1595.052083,1661.512587,73.75
2.5,0,0,1100,1930.013021,2010.43023,74.24
2.5,0,0,1200,2296.875,2392.578125,74.71
2.5,0,0,1300,2695.638021,2807.956272,75.16
2.5,0,0,1400,3126.302083,3256.56467,75.59
2.5,0,0,1500,3588.867188,3738.40332,76
2.5,0,0,1600,4083.333333,4253.472222,76.39
2.5,0,0,1700,4609.700521,4801.771376,76.76
2.5,0,0,1800,5167.96875,5383.300781,77.11
2.5,0,0,1900,5758.138021,5998.060438,77.44
2.5,0,0,2000,6380.208333,6646.050347,77.75
2.5,0,0,2100,7034.179688,7327.270508,78.04
2.5,0,0,2200,7720.052083,8041.72092,78.31
2.5,0,0,2300,8437.825521,8789.401584,78.56
2.5,0,0,2400,9187.5,9570.3125,78.79
2.5,0,0,2500,9969.075521,10384.45367,79
2.5,0,0,2600,10782.55208,11231.82509,79.19
2.5,0,0,2700,11627.92969,12112.42676,79.36
2.5,0,0,2800,12505.20833,13026.25868,79.51
2.5,0,0,2900,13414.38802,13973.32086,79.64
2.5,0,0,3000,14355.46875,14953.61328,79.75
2.5,0,0,3100,15328.45052,15967.13596,79.84
2.5,0,0,3200,16333.33333,17013.88889,79.91
2.5,0,0,3300,17370.11719,18093.87207,79.96
2.5,0,0,3400,18438.80208,19207.0855,79.99
2.5,0,0,3500,19539.38802,20353.52919,80
2.5,0,0,3600,20671.875,21533.20313,79.99
2.5,0,0,3700,21836.26302,22746.10731,79.96
2.5,0,0,3800,23032.55208,23992.24175,79.91
2.5,0,0,3900,24260.74219,25271.60645,79.84
2.5,0,0,4000,25520.83333,26584.20139,79.75
2.5,0,0,4100,26812.82552,27930.02658,79.64
2.5,0,0,4200,28136.71875,29309.08203,79.51
2.5,0,0,4300,29492.51302,30721.36773,79.36
2.5,0,0,4400,30880.20833,32166.88368,79.19
2.5,0,0,4500,32299.80469,33645.62988,79
2.5,0,0,4600,33751.30208,35157.60634,78.79
2.5,0,0,4700,35234.70052,36702.81304,78.56
2.5,0,0,4800,36750,38281.25,78.31
2.5,0,0,4900,38297.20052,39892.91721,78.04
2.5,0,0,5000,39876.30208,41537.81467,77.75
2.5,0,0,5100,41487.30469,43215.94238,77.44
2.5,0,0,5200,43130.20833,44927.30035,77.11
2.5,0,0,5300,44805.01302,46671.88856,76.76
2.5,0,0,5400,46511.71875,48449.70703,76.39
2.5,0,0,5500,48250.32552,50260.75575,76
2.5,0,0,5600,50020.83333,52105.03472,75.59
2.5,0,0,5700,51823.24219,53982.54395,75.16
2.5,0,0,5800,53657.55208,55893.28342,74.71
2.5,0,0,5900,55523.76302,57837.25315,74.24
2.5,0,0,6000,57421.875,59814.45313,73.75
2.5,0,20,1000,1594.653528,1661.097425,73.75
2.5,0,20,1100,1929.530769,2009.927884,74.24
2.5,0,20,1200,2296.30108,2391.980292,74.71
2.5,0,20,1300,2694.964462,2807.254648,75.16
2.5,0,20,1400,3125.520915,3255.750953,75.59
2.5,0,20,1500,3587.970438,3737.469206,76
2.5,0,20,1600,4082.313031,4252.409408,76.39
2.5,0,20,1700,4608.548696,4800.571558,76.76
2.5,0,20,1800,5166.67743,5381.955657,77.11
2.5,0,20,1900,5756.699236,5996.561704,77.44
2.5,0,20,2000,6378.614112,6644.3897,77.75
2.5,0,20,2100,7032.422058,7325.439644,78.04
2.5,0,20,2200,7718.123075,8039.711536,78.31
2.5,0,20,2300,8435.717163,8787.205378,78.56
2.5,0,20,2400,9185.204321,9567.921167,78.79
2.5,0,20,2500,9966.584549,10381.85891,79
2.5,0,20,2600,10779.85785,11229.01859,79.19
2.5,0,20,2700,11625.02422,12109.40023,79.36
2.5,0,20,2800,12502.08366,13023.00381,79.51
2.5,0,20,2900,13411.03617,13969.82934,79.64
2.5,0,20,3000,14351.88175,14949.87682,79.75
2.5,0,20,3100,15324.6204,15963.14625,79.84
2.5,0,20,3200,16329.25213,17009.63763,79.91
2.5,0,20,3300,17365.77692,18089.35096,79.96
2.5,0,20,3400,18434.19478,19202.28623,79.99
2.5,0,20,3500,19534.50572,20348.44345,80
2.5,0,20,3600,20666.70972,21527.82263,79.99
2.5,0,20,3700,21830.8068,22740.42375,79.96
2.5,0,20,3800,23026.79694,23986.24682,79.91
2.5,0,20,3900,24254.68016,25265.29183,79.84
2.5,0,20,4000,25514.45645,26577.5588,79.75
2.5,0,20,4100,26806.1258,27923.04771,79.64
2.5,0,20,4200,28129.68823,29301.75858,79.51
2.5,0,20,4300,29485.14373,30713.69139,79.36
2.5,0,20,4400,30872.4923,32158.84615,79.19
2.5,0,20,4500,32291.73394,33637.22285,79
2.5,0,20,4600,33742.86865,35148.82151,78.79
2.5,0,20,4700,35225.89643,36693.64212,78.56
2.5,0,20,4800,36740.81728,38271.68467,78.31
2.5,0,20,4900,38287.6312,39882.94917,78.04
2.5,0,20,5000,39866.3382,41527.43562,77.75
2.5,0,20,5100,41476.93826,43205.14402,77.44
2.5,0,20,5200,43119.43139,44916.07437,77.11
2.5,0,20,5300,44793.8176,46660.22667,76.76
2.5,0,20,5400,46500.09687,48437.60091,76.39
2.5,0,20,5500,48238.26922,50248.1971,76
2.5,0,20,5600,50008.33463,52092.01524,75.59
2.5,0,20,5700,51810.29312,53969.05533,75.16
2.5,0,20,5800,53644.14468,55879.31737,74.71
2.5,0,20,5900,55509.88931,57822.80136,74.24
2.5,0,20,6000,57407.527,59799.5073,73.75
2.5,2000,-20,1000,1310.223137,1364.815768,73.75
2.5,2000,-20,1100,1585.369996,1651.427079,74.24
2.5,2000,-20,1200,1886.721317,1965.334705,74.71
2.5,2000,-20,1300,2214.277101,2306.538647,75.16
2.5,2000,-20,1400,2568.037348,2675.038904,75.59
2.5,2000,-20,1500,2948.002058,3070.835477,76
2.5,2000,-20,1600,3354.17123,3493.928365,76.39
2.5,2000,-20,1700,3786.544865,3944.317568,76.76
2.5,2000,-20,1800,4245.122963,4422.003087,77.11
2.5,2000,-20,1900,4729.905524,4926.984921,77.44
2.5,2000,-20,2000,5240.892547,5459.26307,77.75
2.5,2000,-20,2100,5778.084033,6018.837535,78.04
2.5,2000,-20,2200,6341.479982,6605.708315,78.31
2.5,2000,-20,2300,6931.080394,7219.87541,78.56
2.5,2000,-20,2400,7546.885268,7861.338821,78.79
2.5,2000,-20,2500,8188.894605,8530.098547,79
2.5,2000,-20,2600,8857.108405,9226.154588,79.19
2.5,2000,-20,2700,9551.526667,9949.506945,79.36
2.5,2000,-20,2800,10272.14939,10700.15562,79.51
2.5,2000,-20,2900,11018.97658,11478.1006,79.64
2.5,2000,-20,3000,11792.00823,12283.34191,79.75
2.5,2000,-20,3100,12591.24434,13115.87953,79.84
2.5,2000,-20,3200,13416.68492,13975.71346,79.91
2.5,2000,-20,3300,14268.32996,14862.84371,79.96
2.5,2000,-20,3400,15146.17946,15777.27027,79.99
2.5,2000,-20,3500,16050.23343,16718.99315,80
2.5,2000,-20,3600,16980.49185,17688.01235,79.99
2.5,2000,-20,3700,17936.95474,18684.32786,79.96
2.5,2000,-20,3800,18919.6221,19707.93968,79.91
2.5,2000,-20,3900,19928.49391,20758.84782,79.84
2.5,2000,-20,4000,20963.57019,21837.05228,79.75
2.5,2000,-20,4100,22024.85093,22942.55305,79.64
2.5,2000,-20,4200,23112.33613,24075.35014,79.51
2.5,2000,-20,4300,24226.0258,25235.44354,79.36
2.5,2000,-20,4400,25365.91993,26422.83326,79.19
2.5,2000,-20,4500,26532.01852,27637.51929,79
2.5,2000,-20,4600,27724.32158,28879.50164,78.79
2.5,2000,-20,4700,28942.82909,30148.7803,78.56
2.5,2000,-20,4800,30187.54107,31445.35528,78.31
2.5,2000,-20,4900,31458.45752,32769.22658,78.04
2.5,2000,-20,5000,32755.57842,34120.39419,77.75
2.5,2000,-20,5100,34078.90379,35498.85811,77.44
2.5,2000,-20,5200,35428.43362,36904.61835,77.11
2.5,2000,-20,5300,36804.16791,38337.67491,76.76
2.5,2000,-20,5400,38206.10667,39798.02778,76.39
2.5,2000,-20,5500,39634.24989,41285.67697,76
2.5,2000,-20,5600,41088.59757,42800.62247,75.59
2.5,2000,-20,5700,42569.14972,44342.86429,75.16
2.5,2000,-20,5800,44075.90632,45912.40242,74.71
2.5,2000,-20,5900,45608.86739,47509.23687,74.24
2.5,2000,-20,6000,47168.03293,49133.36763,73.75
2.5,2000,0,1000,1309.895833,1364.474826,73.75
2.5,2000,0,1100,1584.973958,1651.01454,74.24
2.5,2000,0,1200,1886.25,1964.84375,74.71
2.5,2000,0,1300,2213.723958,2305.962457,75.16
2.5,2000,0,1400,2567.395833,2674.37066,75.59
2.5,2000,0,1500,2947.265625,3070.068359,76
2.5,2000,0,1600,3353.333333,3493.055556,76.39
2.5,2000,0,1700,3785.598958,3943.332248,76.76
2.5,2000,0,1800,4244.0625,4420.898438,77.11
2.5,2000,0,1900,4728.723958,4925.754123,77.44
2.5,2000,0,2000,5239.583333,5457.899306,77.75
2.5,2000,0,2100,5776.640625,6017.333984,78.04
2.5,2000,0,2200,6339.895833,6604.05816,78.31
2.5,2000,0,2300,6929.348958,7218.071832,78.56
2.5,2000,0,2400,7545,7859.375,78.79
2.5,2000,0,2500,8186.848958,8527.967665,79
2.5,2000,0,2600,8854.895833,9223.849826,79.19
2.5,2000,0,2700,9549.140625,9947.021484,79.36
2.5,2000,0,2800,10269.58333,10697.48264,79.51
2.5,2000,0,2900,11016.22396,11475.23329,79.64
2.5,2000,0,3000,11789.0625,12280.27344,79.75
2.5,2000,0,3100,12588.09896,13112.60308,79.84
2.5,2000,0,3200,13413.33333,13972.22222,79.91
2.5,2000,0,3300,14264.76563,14859.13086,79.96
2.5,2000,0,3400,15142.39583,15773.32899,79.99
2.5,2000,0,3500,16046.22396,16714.81662,80
2.5,2000,0,3600,16976.25,17683.59375,79.99
2.5,2000,0,3700,17932.47396,18679.66037,79.96
2.5,2000,0,3800,18914.89583,19703.01649,79.91
2.5,2000,0,3900,19923.51563,20753.66211,79.84
2.5,2000,0,4000,20958.33333,21831.59722,79.75
2.5,2000,0,4100,22019.34896,22936.82183,79.64
2.5,2000,0,4200,23106.5625,24069.33594,79.51
2.5,2000,0,4300,24219.97396,25229.13954,79.36
2.5,2000,0,4400,25359.58333,26416.23264,79.19
2.5,2000,0,4500,26525.39063,27630.61523,79
2.5,2000,0,4600,27717.39583,28872.28733,78.79
2.5,2000,0,4700,28935.59896,30141.24891,78.56
2.5,2000,0,4800,30180,31437.5,78.31
2.5,2000,0,4900,31450.59896,32761.04058,78.04
2.5,2000,0,5000,32747.39583,34111.87066,77.75
2.5,2000,0,5100,34070.39063,35489.99023,77.44
2.5,2000,0,5200,35419.58333,36895.39931,77.11
2.5,2000,0,5300,36794.97396,38328.09787,76.76
2.5,2000,0,5400,38196.5625,39788.08594,76.39
2.5,2000,0,5500,39624.34896,41275.3635,76
2.5,2000,0,5600,41078.33333,42789.93056,75.59
2.5,2000,0,5700,42558.51563,44331.78711,75.16
2.5,2000,0,5800,44064.89583,45900.93316,74.71
2.5,2000,0,5900,45597.47396,47497.36871,74.24
2.5,2000,0,6000,47156.25,49121.09375,73.75
2.5,2000,20,1000,1309.56853,1364.133885,73.75
2.5,2000,20,1100,1584.577921,1650.602001,74.24
2.5,2000,20,1200,1885.778683,1964.352795,74.71
2.5,2000,20,1300,2213.170815,2305.386266,75.16
2.5,2000,20,1400,2566.754318,2673.702415,75.59
2.5,2000,20,1500,2946.529192,3069.301242,76
2.5,2000,20,1600,3352.495436,3492.182746,76.39
2.5,2000,20,1700,3784.653051,3942.346928,76.76
2.5,2000,20,1800,4243.002037,4419.793788,77.11
2.5,2000,20,1900,4727.542393,4924.523326,77.44
2.5,2000,20,2000,5238.274119,5456.535541,77.75
2.5,2000,20,2100,5775.197217,6015.830434,78.04
2.5,2000,20,2200,6338.311684,6602.408005,78.31
2.5,2000,20,2300,6927.617523,7216.268253,78.56
2.5,2000,20,2400,7543.114732,7857.411179,78.79
2.5,2000,20,2500,8184.803312,8525.836783,79
2.5,2000,20,2600,8852.683262,9221.545064,79.19
2.5,2000,20,2700,9546.754583,9944.536024,79.36
2.5,2000,20,2800,10267.01727,10694.80966,79.51
2.5,2000,20,2900,11013.47134,11472.36598,79.64
2.5,2000,20,3000,11786.11677,12277.20497,79.75
2.5,2000,20,3100,12584.95357,13109.32664,79.84
2.5,2000,20,3200,13409.98175,13968.73099,79.91
2.5,2000,20,3300,14261.20129,14855.41801,79.96
2.5,2000,20,3400,15138.61221,15769.38771,79.99
2.5,2000,20,3500,16042.21449,16710.64009,80
2.5,2000,20,3600,16972.00815,17679.17515,79.99
2.5,2000,20,3700,17927.99317,18674.99289,79.96
2.5,2000,20,3800,18910.16957,19698.0933,79.91
2.5,2000,20,3900,19918.53734,20748.47639,79.84
2.5,2000,20,4000,20953.09648,21826.14216,79.75
2.5,2000,20,4100,22013.84699,22931.09061,79.64
2.5,2000,20,4200,23100.78887,24063.32174,79.51
2.5,2000,20,4300,24213.92212,25222.83554,79.36
2.5,2000,20,4400,25353.24674,26409.63202,79.19
2.5,2000,20,4500,26518.76273,27623.71118,79
2.5,2000,20,4600,27710.47009,28865.07301,78.79
2.5,2000,20,4700,28928.36882,30133.71753,78.56
2.5,2000,20,4800,30172.45893,31429.64472,78.31
2.5,2000,20,4900,31442.7404,32752.85458,78.04
2.5,2000,20,5000,32739.21325,34103.34713,77.75
2.5,2000,20,5100,34061.87746,35481.12236,77.44
2.5,2000,20,5200,35410.73305,36886.18026,77.11
2.5,2000,20,5300,36785.78,38318.52084,76.76
2.5,2000,20,5400,38187.01833,39778.14409,76.39
2.5,2000,20,5500,39614.44803,41265.05003,76
2.5,2000,20,5600,41068.0691,42779.23864,75.59
2.5,2000,20,5700,42547.88153,44320.70993,75.16
2.5,2000,20,5800,44053.88534,45889.4639,74.71
2.5,2000,20,5900,45586.08052,47485.50055,74.24
2.5,2000,20,6000,47144.46707,49108.81987,73.75
2.5,4000,-20,1000,1066.672713,1111.117409,73.75
2.5,4000,-20,1100,1290.673982,1344.452065,74.24
2.5,4000,-20,1200,1536.008706,1600.009069,74.71
2.5,4000,-20,1300,1802.676885,1877.788421,75.16
2.5,4000,-20,1400,2090.678517,2177.790122,75.59
2.5,4000,-20,1500,2400.013604,2500.014171,76
2.5,4000,-20,1600,2730.682145,2844.460567,76.39
2.5,4000,-20,1700,3082.68414,3211.129312,76.76
2.5,4000,-20,1800,3456.019589,3600.020406,77.11
2.5,4000,-20,1900,3850.688493,4011.133847,77.44
2.5,4000,-20,2000,4266.690851,4444.469637,77.75
2.5,4000,-20,2100,4704.026663,4900.027774,78.04
2.5,4000,-20,2200,5162.69593,5377.80826,78.31
2.5,4000,-20,2300,5642.698651,5877.811094,78.56
2.5,4000,-20,2400,6144.034826,6400.036277,78.79
2.5,4000,-20,2500,6666.704455,6944.483807,79
2.5,4000,-20,2600,7210.707538,7511.153686,79.19
2.5,4000,-20,2700,7776.044076,8100.045913,79.36
2.5,4000,-20,2800,8362.714068,8711.160488,79.51
2.5,4000,-20,2900,8970.717514,9344.497411,79.64
2.5,4000,-20,3000,9600.054415,10000.05668,79.75
2.5,4000,-20,3100,10250.72477,10677.8383,79.84
2.5,4000,-20,3200,10922.72858,11377.84227,79.91
2.5,4000,-20,3300,11616.06584,12100.06859,79.96
2.5,4000,-20,3400,12330.73656,12844.51725,79.99
2.5,4000,-20,3500,13066.74073,13611.18826,80
2.5,4000,-20,3600,13824.07836,14400.08162,79.99
2.5,4000,-20,3700,14602.74944,15211.19733,79.96
2.5,4000,-20,3800,15402.75397,16044.53539,79.91
2.5,4000,-20,3900,16224.09196,16900.09579,79.84
2.5,4000,-20,4000,17066.7634,17777.87855,79.75
2.5,4000,-20,4100,17930.7683,18677.88365,79.64
2.5,4000,-20,4200,18816.10665,19600.1111,79.51
2.5,4000,-20,4300,19722.77846,20544.5609,79.36
2.5,4000,-20,4400,20650.78372,21511.23304,79.19
2.5,4000,-20,4500,21600.12243,22500.12754,79
2.5,4000,-20,4600,22570.7946,23511.24438,78.79
2.5,4000,-20,4700,23562.80023,24544.58357,78.56
2.5,4000,-20,4800,24576.1393,25600.14511,78.31
2.5,4000,-20,4900,25610.81183,26677.92899,78.04
2.5,4000,-20,5000,26666.81782,27777.93523,77.75
2.5,4000,-20,5100,27744.15726,28900.16381,77.44
2.5,4000,-20,5200,28842.83015,30044.61474,77.11
2.5,4000,-20,5300,29962.8365,31211.28802,76.76
2.5,4000,-20,5400,31104.1763,32400.18365,76.39
2.5,4000,-20,5500,32266.84956,33611.30163,76
2.5,4000,-20,5600,33450.85627,34844.64195,75.59
2.5,4000,-20,5700,34656.19644,36100.20462,75.16
2.5,4000,-20,5800,35882.87006,37377.98964,74.71
2.5,4000,-20,5900,37130.87713,38677.99701,74.24
2.5,4000,-20,6000,38400.21766,40000.22673,73.75
2.5,4000,0,1000,1066.40625,1110.839844,73.75
2.5,4000,0,1100,1290.351562,1344.116211,74.24
2.5,4000,0,1200,1535.625,1599.609375,74.71
2.5,4000,0,1300,1802.226563,1877.319336,75.16
2.5,4000,0,1400,2090.15625,2177.246094,75.59
2.5,4000,0,1500,2399.414063,2499.389648,76
2.5,4000,0,1600,2730,2843.75,76.39
2.5,4000,0,1700,3081.914062,3210.327148,76.76
2.5,4000,0,1800,3455.15625,3599.121094,77.11
2.5,4000,0,1900,3849.726563,4010.131836,77.44
2.5,4000,0,2000,4265.625,4443.359375,77.75
2.5,4000,0,2100,4702.851562,4898.803711,78.04
2.5,4000,0,2200,5161.40625,5376.464844,78.31
2.5,4000,0,2300,5641.289063,5876.342773,78.56
2.5,4000,0,2400,6142.5,6398.4375,78.79
2.5,4000,0,2500,6665.039062,6942.749023,79
2.5,4000,0,2600,7208.90625,7509.277344,79.19
2.5,4000,0,2700,7774.101563,8098.022461,79.36
2.5,4000,0,2800,8360.625,8708.984375,79.51
2.5,4000,0,2900,8968.476563,9342.163086,79.64
2.5,4000,0,3000,9597.65625,9997.558594,79.75
2.5,4000,0,3100,10248.16406,10675.1709,79.84
2.5,4000,0,3200,10920,11375,79.91
2.5,4000,0,3300,11613.16406,12097.0459,79.96
2.5,4000,0,3400,12327.65625,12841.30859,79.99
2.5,4000,0,3500,13063.47656,13607.78809,80
2.5,4000,0,3600,13820.625,14396.48437,79.99
2.5,4000,0,3700,14599.10156,15207.39746,79.96
2.5,4000,0,3800,15398.90625,16040.52734,79.91
2.5,4000,0,3900,16220.03906,16895.87402,79.84
2.5,4000,0,4000,17062.5,17773.4375,79.75
2.5,4000,0,4100,17926.28906,18673.21777,79.64
2.5,4000,0,4200,18811.40625,19595.21484,79.51
2.5,4000,0,4300,19717.85156,20539.42871,79.36
2.5,4000,0,4400,20645.625,21505.85938,79.19
2.5,4000,0,4500,21594.72656,22494.50684,79
2.5,4000,0,4600,22565.15625,23505.37109,78.79
2.5,4000,0,4700,23556.91406,24538.45215,78.56
2.5,4000,0,4800,24570,25593.75,78.31
2.5,4000,0,4900,25604.41406,26671.26465,78.04
2.5,4000,0,5000,26660.15625,27770.99609,77.75
2.5,4000,0,5100,27737.22656,28892.94434,77.44
2.5,4000,0,5200,28835.625,30037.10938,77.11
2.5,4000,0,5300,29955.35156,31203.49121,76.76
2.5,4000,0,5400,31096.40625,32392.08984,76.39
2.5,4000,0,5500,32258.78906,33602.90527,76
2.5,4000,0,5600,33442.5,34835.9375,75.59
2.5,4000,0,5700,34647.53906,36091.18652,75.16
2.5,4000,0,5800,35873.90625,37368.65234,74.71
2.5,4000,0,5900,37121.60156,38668.33496,74.24
2.5,4000,0,6000,38390.625,39990.23438,73.75
2.5,4000,20,1000,1066.139787,1110.562278,73.75
2.5,4000,20,1100,1290.029143,1343.780357,74.24
2.5,4000,20,1200,1535.241294,1599.209681,74.71
2.5,4000,20,1300,1801.77624,1876.85025,75.16
2.5,4000,20,1400,2089.633983,2176.702066,75.59
2.5,4000,20,1500,2398.814521,2498.765126,76
2.5,4000,20,1600,2729.317855,2843.039433,76.39
2.5,4000,20,1700,3081.143985,3209.524984,76.76
2.5,4000,20,1800,3454.292911,3598.221782,77.11
2.5,4000,20,1900,3848.764632,4009.129825,77.44
2.5,4000,20,2000,4264.559149,4442.249113,77.75
2.5,4000,20,2100,4701.676462,4897.579648,78.04
2.5,4000,20,2200,5160.11657,5375.121427,78.31
2.5,4000,20,2300,5639.879474,5874.874452,78.56
2.5,4000,20,2400,6140.965174,6396.838723,78.79
2.5,4000,20,2500,6663.37367,6941.01424,79
2.5,4000,20,2600,7207.104962,7507.401002,79.19
2.5,4000,20,2700,7772.159049,8095.999009,79.36
2.5,4000,20,2800,8358.535932,8706.808262,79.51
2.5,4000,20,2900,8966.235611,9339.828761,79.64
2.5,4000,20,3000,9595.258085,9995.060505,79.75
2.5,4000,20,3100,10245.60336,10672.50349,79.84
2.5,4000,20,3200,10917.27142,11372.15773,79.91
2.5,4000,20,3300,11610.26228,12094.02321,79.96
2.5,4000,20,3400,12324.57594,12838.09994,79.99
2.5,4000,20,3500,13060.21239,13604.38791,80
2.5,4000,20,3600,13817.17164,14392.88713,79.99
2.5,4000,20,3700,14595.45369,15203.59759,79.96
2.5,4000,20,3800,15395.05853,16036.5193,79.91
2.5,4000,20,3900,16215.98616,16891.65225,79.84
2.5,4000,20,4000,17058.2366,17768.99645,79.75
2.5,4000,20,4100,17921.80982,18668.5519,79.64
2.5,4000,20,4200,18806.70585,19590.31859,79.51
2.5,4000,20,4300,19712.92467,20534.29653,79.36
2.5,4000,20,4400,20640.46628,21500.48571,79.19
2.5,4000,20,4500,21589.33069,22488.88614,79
2.5,4000,20,4600,22559.5179,23499.49781,78.79
2.5,4000,20,4700,23551.0279,24532.32073,78.56
2.5,4000,20,4800,24563.8607,25587.35489,78.31
2.5,4000,20,4900,25598.01629,26664.6003,78.04
2.5,4000,20,5000,26653.49468,27764.05696,77.75
2.5,4000,20,5100,27730.29587,28885.72486,77.44
2.5,4000,20,5200,28828.41985,30029.60401,77.11
2.5,4000,20,5300,29947.86662,31195.6944,76.76
2.5,4000,20,5400,31088.6362,32383.99604,76.39
2.5,4000,20,5500,32250.72856,33594.50892,76
2.5,4000,20,5600,33434.14373,34827.23305,75.59
2.5,4000,20,5700,34638.88169,36082.16842,75.16
2.5,4000,20,5800,35864.94244,37359.31504,74.71
2.5,4000,20,5900,37112.32599,38658.67291,74.24
2.5,4000,20,6000,38381.03234,39980.24202,73.75
3,0,-20,1000,3308.326445,4135.408056,73.75
3,0,-20,1100,4003.074998,5003.843747,74.24
3,0,-20,1200,4763.99008,5954.9876,74.71
3,0,-20,1300,5591.071691,6988.839614,75.16
3,0,-20,1400,6484.319831,8105.399789,75.59
3,0,-20,1500,7443.7345,9304.668125,76
3,0,-20,1600,8469.315698,10586.64462,76.39
3,0,-20,1700,9561.063425,11951.32928,76.76
3,0,-20,1800,10718.97768,13398.7221,77.11
3,0,-20,1900,11943.05846,14928.82308,77.44
3,0,-20,2000,13233.30578,16541.63222,77.75
3,0,-20,2100,14589.71962,18237.14953,78.04
3,0,-20,2200,16012.29999,20015.37499,78.31
3,0,-20,2300,17501.04689,21876.30861,78.56
3,0,-20,2400,19055.96032,23819.9504,78.79
3,0,-20,2500,20677.04028,25846.30035,79
3,0,-20,2600,22364.28677,27955.35846,79.19
3,0,-20,2700,24117.69978,30147.12473,79.36
3,0,-20,2800,25937.27933,32421.59916,79.51
3,0,-20,2900,27823.0254,34778.78175,79.64
3,0,-20,3000,29774.938,37218.6725,79.75
3,0,-20,3100,31793.01713,39741.27142,79.84
3,0,-20,3200,33877.26279,42346.57849,79.91
3,0,-20,3300,36027.67498,45034.59373,79.96
3,0,-20,3400,38244.2537,47805.31712,79.99
3,0,-20,3500,40526.99895,50658.74868,80
3,0,-20,3600,42875.91072,53594.8884,79.99
3,0,-20,3700,45290.98903,56613.73628,79.96
3,0,-20,3800,47772.23386,59715.29232,79.91
3,0,-20,3900,50319.64522,62899.55653,79.84
3,0,-20,4000,52933.22311,66166.52889,79.75
3,0,-20,4100,55612.96753,69516.20942,79.64
3,0,-20,4200,58358.87848,72948.5981,79.51
3,0,-20,4300,61170.95596,76463.69495,79.36
3,0,-20,4400,64049.19997,80061.49996,79.19
3,0,-20,4500,66993.6105,83742.01313,79
3,0,-20,4600,70004.18757,87505.23446,78.79
3,0,-20,4700,73080.93116,91351.16395,78.56
3,0,-20,4800,76223.84128,95279.8016,78.31
3,0,-20,4900,79432.91793,99291.14742,78.04
3,0,-20,5000,82708.16111,103385.2014,77.75
3,0,-20,5100,86049.57082,107561.9635,77.44
3,0,-20,5200,89457.14706,111821.4338,77.11
3,0,-20,5300,92930.88983,116163.6123,76.76
3,0,-20,5400,96470.79912,120588.4989,76.39
3,0,-20,5500,100076.8749,125096.0937,76
3,0,-20,5600,103749.1173,129686.3966,75.59
3,0,-20,5700,107487.5262,134359.4077,75.16
3,0,-20,5800,111292.1016,139115.127,74.71
3,0,-20,5900,115162.8435,143953.5544,74.24
3,0,-20,6000,119099.752,148874.69,73.75
3,0,0,1000,3307.5,4134.375,73.75
3,0,0,1100,4002.075,5002.59375,74.24
3,0,0,1200,4762.8,5953.5,74.71
3,0,0,1300,5589.675,6987.09375,75.16
3,0,0,1400,6482.7,8103.375,75.59
3,0,0,1500,7441.875,9302.34375,76
3,0,0,1600,8467.2,10584,76.39
3,0,0,1700,9558.675,11948.34375,76.76
3,0,0,1800,10716.3,13395.375,77.11
3,0,0,1900,11940.075,14925.09375,77.44
3,0,0,2000,13230,16537.5,77.75
3,0,0,2100,14586.075,18232.59375,78.04
3,0,0,2200,16008.3,20010.375,78.31
3,0,0,2300,17496.675,21870.84375,78.56
3,0,0,2400,19051.2,23814,78.79
3,0,0,2500,20671.875,25839.84375,79
3,0,0,2600,22358.7,27948.375,79.19
3,0,0,2700,24111.675,30139.59375,79.36
3,0,0,2800,25930.8,32413.5,79.51
3,0,0,2900,27816.075,34770.09375,79.64
3,0,0,3000,29767.5,37209.375,79.75
3,0,0,3100,31785.075,39731.34375,79.84
3,0,0,3200,33868.8,42336,79.91
3,0,0,3300,36018.675,45023.34375,79.96
3,0,0,3400,38234.7,47793.375,79.99
3,0,0,3500,40516.875,50646.09375,80
3,0,0,3600,42865.2,53581.5,79.99
3,0,0,3700,45279.675,56599.59375,79.96
3,0,0,3800,47760.3,59700.375,79.91
3,0,0,3900,50307.075,62883.84375,79.84
3,0,0,4000,52920,66150,79.75
3,0,0,4100,55599.075,69498.84375,79.64
3,0,0,4200,58344.3,72930.375,79.51
3,0,0,4300,61155.675,76444.59375,79.36
3,0,0,4400,64033.2,80041.5,79.19
3,0,0,4500,66976.875,83721.09375,79
3,0,0,4600,69986.7,87483.375,78.79
3,0,0,4700,73062.675,91328.34375,78.56
3,0,0,4800,76204.8,95256,78.31
3,0,0,4900,79413.075,99266.34375,78.04
3,0,0,5000,82687.5,103359.375,77.75
3,0,0,5100,86028.075,107535.0938,77.44
3,0,0,5200,89434.8,111793.5,77.11
3,0,0,5300,92907.675,116134.5938,76.76
3,0,0,5400,96446.7,120558.375,76.39
3,0,0,5500,100051.875,125064.8438,76
3,0,0,5600,103723.2,129654,75.59
3,0,0,5700,107460.675,134325.8438,75.16
3,0,0,5800,111264.3,139080.375,74.71
3,0,0,5900,115134.075,143917.5938,74.24
3,0,0,6000,119070,148837.5,73.75
3,0,20,1000,3306.673555,4133.341944,73.75
3,0,20,1100,4001.075002,5001.343753,74.24
3,0,20,1200,4761.60992,5952.0124,74.71
3,0,20,1300,5588.278309,6985.347886,75.16
3,0,20,1400,6481.080169,8101.350211,75.59
3,0,20,1500,7440.0155,9300.019375,76
3,0,20,1600,8465.084302,10581.35538,76.39
3,0,20,1700,9556.286575,11945.35822,76.76
3,0,20,1800,10713.62232,13392.0279,77.11
3,0,20,1900,11937.09154,14921.36442,77.44
3,0,20,2000,13226.69422,16533.36778,77.75
3,0,20,2100,14582.43038,18228.03797,78.04
3,0,20,2200,16004.30001,20005.37501,78.31
3,0,20,2300,17492.30311,21865.37889,78.56
3,0,20,2400,19046.43968,23808.0496,78.79
3,0,20,2500,20666.70972,25833.38715,79
3,0,20,2600,22353.11323,27941.39154,79.19
3,0,20,2700,24105.65022,30132.06277,79.36
3,0,20,2800,25924.32067,32405.40084,79.51
3,0,20,2900,27809.1246,34761.40575,79.64
3,0,20,3000,29760.062,37200.0775,79.75
3,0,20,3100,31777.13287,39721.41608,79.84
3,0,20,3200,33860.33721,42325.42151,79.91
3,0,20,3300,36009.67502,45012.09377,79.96
3,0,20,3400,38225.1463,47781.43288,79.99
3,0,20,3500,40506.75105,50633.43882,80
3,0,20,3600,42854.48928,53568.1116,79.99
3,0,20,3700,45268.36097,56585.45122,79.96
3,0,20,3800,47748.36614,59685.45768,79.91
3,0,20,3900,50294.50478,62868.13097,79.84
3,0,20,4000,52906.77689,66133.47111,79.75
3,0,20,4100,55585.18247,69481.47808,79.64
3,0,20,4200,58329.72152,72912.1519,79.51
3,0,20,4300,61140.39404,76425.49255,79.36
3,0,20,4400,64017.20003,80021.50004,79.19
3,0,20,4500,66960.1395,83700.17437,79
3,0,20,4600,69969.21243,87461.51554,78.79
3,0,20,4700,73044.41884,91305.52355,78.56
3,0,20,4800,76185.75872,95232.1984,78.31
3,0,20,4900,79393.23207,99241.54008,78.04
3,0,20,5000,82666.83889,103333.5486,77.75
3,0,20,5100,86006.57918,107508.224,77.44
3,0,20,5200,89412.45294,111765.5662,77.11
3,0,20,5300,92884.46017,116105.5752,76.76
3,0,20,5400,96422.60088,120528.2511,76.39
3,0,20,5500,100026.8751,125033.5938,76
3,0,20,5600,103697.2827,129621.6034,75.59
3,0,20,5700,107433.8238,134292.2798,75.16
3,0,20,5800,111236.4984,139045.623,74.71
3,0,20,5900,115105.3065,143881.6331,74.24
3,0,20,6000,119040.248,148800.31,73.75
3,2000,-20,1000,2716.878697,3396.098371,73.75
3,2000,-20,1100,3287.423223,4109.279028,74.24
3,2000,-20,1200,3912.305323,4890.381654,74.71
3,2000,-20,1300,4591.524997,5739.406246,75.16
3,2000,-20,1400,5325.082245,6656.352806,75.59
3,2000,-20,1500,6112.977067,7641.221334,76
3,2000,-20,1600,6955.209463,8694.011829,76.39
3,2000,-20,1700,7851.779433,9814.724291,76.76
3,2000,-20,1800,8802.686977,11003.35872,77.11
3,2000,-20,1900,9807.932094,12259.91512,77.44
3,2000,-20,2000,10867.51479,13584.39348,77.75
3,2000,-20,2100,11981.43505,14976.79381,78.04
3,2000,-20,2200,13149.69289,16437.11611,78.31
3,2000,-20,2300,14372.2883,17965.36038,78.56
3,2000,-20,2400,15649.22129,19561.52661,78.79
3,2000,-20,2500,16980.49185,21225.61482,79
3,2000,-20,2600,18366.09999,22957.62499,79.19
3,2000,-20,2700,19806.0457,24757.55712,79.36
3,2000,-20,2800,21300.32898,26625.41123,79.51
3,2000,-20,2900,22848.94984,28561.1873,79.64
3,2000,-20,3000,24451.90827,30564.88534,79.75
3,2000,-20,3100,26109.20427,32636.50534,79.84
3,2000,-20,3200,27820.83785,34776.04732,79.91
3,2000,-20,3300,29586.80901,36983.51126,79.96
3,2000,-20,3400,31407.11773,39258.89716,79.99
3,2000,-20,3500,33281.76403,41602.20504,80
3,2000,-20,3600,35210.74791,44013.43488,79.99
3,2000,-20,3700,37194.06936,46492.58669,79.96
3,2000,-20,3800,39231.72838,49039.66047,79.91
3,2000,-20,3900,41323.72497,51654.65622,79.84
3,2000,-20,4000,43470.05914,54337.57393,79.75
3,2000,-20,4100,45670.73089,57088.41361,79.64
3,2000,-20,4200,47925.74021,59907.17526,79.51
3,2000,-20,4300,50235.0871,62793.85887,79.36
3,2000,-20,4400,52598.77156,65748.46446,79.19
3,2000,-20,4500,55016.7936,68770.99201,79
3,2000,-20,4600,57489.15322,71861.44152,78.79
3,2000,-20,4700,60015.85041,75019.81301,78.56
3,2000,-20,4800,62596.88517,78246.10646,78.31
3,2000,-20,4900,65232.2575,81540.32188,78.04
3,2000,-20,5000,67921.96741,84902.45927,77.75
3,2000,-20,5100,70666.0149,88332.51862,77.44
3,2000,-20,5200,73464.39995,91830.49994,77.11
3,2000,-20,5300,76317.12259,95396.40323,76.76
3,2000,-20,5400,79224.18279,99030.22849,76.39
3,2000,-20,5500,82185.58057,102731.9757,76
3,2000,-20,5600,85201.31592,106501.6449,75.59
3,2000,-20,5700,88271.38885,110339.2361,75.16
3,2000,-20,5800,91395.79935,114244.7492,74.71
3,2000,-20,5900,94574.54743,118218.1843,74.24
3,2000,-20,6000,97807.63307,122259.5413,73.75
3,2000,0,1000,2716.2,3395.25,73.75
3,2000,0,1100,3286.602,4108.2525,74.24
3,2000,0,1200,3911.328,4889.16,74.71
3,2000,0,1300,4590.378,5737.9725,75.16
3,2000,0,1400,5323.752,6654.69,75.59
3,2000,0,1500,6111.45,7639.3125,76
3,2000,0,1600,6953.472,8691.84,76.39
3,2000,0,1700,7849.818,9812.2725,76.76
3,2000,0,1800,8800.488,11000.61,77.11
3,2000,0,1900,9805.482,12256.8525,77.44
3,2000,0,2000,10864.8,13581,77.75
3,2000,0,2100,11978.442,14973.0525,78.04
3,2000,0,2200,13146.408,16433.01,78.31
3,2000,0,2300,14368.698,17960.8725,78.56
3,2000,0,2400,15645.312,19556.64,78.79
3,2000,0,2500,16976.25,21220.3125,79
3,2000,0,2600,18361.512,22951.89,79.19
3,2000,0,2700,19801.098,24751.3725,79.36
3,2000,0,2800,21295.008,26618.76,79.51
3,2000,0,2900,22843.242,28554.0525,79.64
3,2000,0,3000,24445.8,30557.25,79.75
3,2000,0,3100,26102.682,32628.3525,79.84
3,2000,0,3200,27813.888,34767.36,79.91
3,2000,0,3300,29579.418,36974.2725,79.96
3,2000,0,3400,31399.272,39249.09,79.99
3,2000,0,3500,33273.45,41591.8125,80
3,2000,0,3600,35201.952,44002.44,79.99
3,2000,0,3700,37184.778,46480.9725,79.96
3,2000,0,3800,39221.928,49027.41,79.91
3,2000,0,3900,41313.402,51641.7525,79.84
3,2000,0,4000,43459.2,54324,79.75
3,2000,0,4100,45659.322,57074.1525,79.64
3,2000,0,4200,47913.768,59892.21,79.51
3,2000,0,4300,50222.538,62778.1725,79.36
3,2000,0,4400,52585.632,65732.04,79.19
3,2000,0,4500,55003.05,68753.8125,79
3,2000,0,4600,57474.792,71843.49,78.79
3,2000,0,4700,60000.858,75001.0725,78.56
3,2000,0,4800,62581.248,78226.56,78.31
3,2000,0,4900,65215.962,81519.9525,78.04
3,2000,0,5000,67905,84881.25,77.75
3,2000,0,5100,70648.362,88310.4525,77.44
3,2000,0,5200,73446.048,91807.56,77.11
3,2000,0,5300,76298.058,95372.5725,76.76
3,2000,0,5400,79204.392,99005.49,76.39
3,2000,0,5500,82165.05,102706.3125,76
3,2000,0,5600,85180.032,106475.04,75.59
3,2000,0,5700,88249.338,110311.6725,75.16
3,2000,0,5800,91372.968,114216.21,74.71
3,2000,0,5900,94550.922,118188.6525,74.24
3,2000,0,6000,97783.2,122229,73.75
3,2000,20,1000,2715.521303,3394.401629,73.75
3,2000,20,1100,3285.780777,4107.225972,74.24
3,2000,20,1200,3910.350677,4887.938346,74.71
3,2000,20,1300,4589.231003,5736.538754,75.16
3,2000,20,1400,5322.421755,6653.027194,75.59
3,2000,20,1500,6109.922933,7637.403666,76
3,2000,20,1600,6951.734537,8689.668171,76.39
3,2000,20,1700,7847.856567,9809.820709,76.76
3,2000,20,1800,8798.289023,10997.86128,77.11
3,2000,20,1900,9803.031906,12253.78988,77.44
3,2000,20,2000,10862.08521,13577.60652,77.75
3,2000,20,2100,11975.44895,14969.31119,78.04
3,2000,20,2200,13143.12311,16428.90389,78.31
3,2000,20,2300,14365.1077,17956.38462,78.56
3,2000,20,2400,15641.40271,19551.75339,78.79
3,2000,20,2500,16972.00815,21215.01018,79
3,2000,20,2600,18356.92401,22946.15501,79.19
3,2000,20,2700,19796.1503,24745.18788,79.36
3,2000,20,2800,21289.68702,26612.10877,79.51
3,2000,20,2900,22837.53416,28546.9177,79.64
3,2000,20,3000,24439.69173,30549.61466,79.75
3,2000,20,3100,26096.15973,32620.19966,79.84
3,2000,20,3200,27806.93815,34758.67268,79.91
3,2000,20,3300,29572.02699,36965.03374,79.96
3,2000,20,3400,31391.42627,39239.28284,79.99
3,2000,20,3500,33265.13597,41581.41996,80
3,2000,20,3600,35193.15609,43991.44512,79.99
3,2000,20,3700,37175.48664,46469.35831,79.96
3,2000,20,3800,39212.12762,49015.15953,79.91
3,2000,20,3900,41303.07903,51628.84878,79.84
3,2000,20,4000,43448.34086,54310.42607,79.75
3,2000,20,4100,45647.91311,57059.89139,79.64
3,2000,20,4200,47901.79579,59877.24474,79.51
3,2000,20,4300,50209.9889,62762.48613,79.36
3,2000,20,4400,52572.49244,65715.61554,79.19
3,2000,20,4500,54989.3064,68736.63299,79
3,2000,20,4600,57460.43078,71825.53848,78.79
3,2000,20,4700,59985.86559,74982.33199,78.56
3,2000,20,4800,62565.61083,78207.01354,78.31
3,2000,20,4900,65199.6665,81499.58312,78.04
3,2000,20,5000,67888.03259,84860.04073,77.75
3,2000,20,5100,70630.7091,88288.38638,77.44
3,2000,20,5200,73427.69605,91784.62006,77.11
3,2000,20,5300,76278.99341,95348.74177,76.76
3,2000,20,5400,79184.60121,98980.75151,76.39
3,2000,20,5500,82144.51943,102680.6493,76
3,2000,20,5600,85158.74808,106448.4351,75.59
3,2000,20,5700,88227.28715,110284.1089,75.16
3,2000,20,5800,91350.13665,114187.6708,74.71
3,2000,20,5900,94527.29657,118159.1207,74.24
3,2000,20,6000,97758.76693,122198.4587,73.75
3,4000,-20,1000,2211.852537,2764.815672,73.75
3,4000,-20,1100,2676.34157,3345.426963,74.24
3,4000,-20,1200,3185.067654,3981.334567,74.71
3,4000,-20,1300,3738.030788,4672.538485,75.16
3,4000,-20,1400,4335.230973,5419.038716,75.59
3,4000,-20,1500,4976.668209,6220.835261,76
3,4000,-20,1600,5662.342495,7077.928119,76.39
3,4000,-20,1700,6392.253833,7990.317291,76.76
3,4000,-20,1800,7166.402221,8958.002776,77.11
3,4000,-20,1900,7984.787659,9980.984574,77.44
3,4000,-20,2000,8847.410149,11059.26269,77.75
3,4000,-20,2100,9754.269689,12192.83711,78.04
3,4000,-20,2200,10705.36628,13381.70785,78.31
3,4000,-20,2300,11700.69992,14625.8749,78.56
3,4000,-20,2400,12740.27061,15925.33827,78.79
3,4000,-20,2500,13824.07836,17280.09795,79
3,4000,-20,2600,14952.12315,18690.15394,79.19
3,4000,-20,2700,16124.405,20155.50625,79.36
3,4000,-20,2800,17340.92389,21676.15486,79.51
3,4000,-20,2900,18601.67984,23252.0998,79.64
3,4000,-20,3000,19906.67283,24883.34104,79.75
3,4000,-20,3100,21255.90288,26569.8786,79.84
3,4000,-20,3200,22649.36998,28311.71248,79.91
3,4000,-20,3300,24087.07413,30108.84266,79.96
3,4000,-20,3400,25569.01533,31961.26916,79.99
3,4000,-20,3500,27095.19358,33868.99198,80
3,4000,-20,3600,28665.60888,35832.0111,79.99
3,4000,-20,3700,30280.26123,37850.32654,79.96
3,4000,-20,3800,31939.15064,39923.9383,79.91
3,4000,-20,3900,33642.27709,42052.84636,79.84
3,4000,-20,4000,35389.6406,44237.05074,79.75
3,4000,-20,4100,37181.24115,46476.55144,79.64
3,4000,-20,4200,39017.07876,48771.34845,79.51
3,4000,-20,4300,40897.15341,51121.44177,79.36
3,4000,-20,4400,42821.46512,53526.8314,79.19
3,4000,-20,4500,44790.01388,55987.51735,79
3,4000,-20,4600,46802.79969,58503.49961,78.79
3,4000,-20,4700,48859.82255,61074.77818,78.56
3,4000,-20,4800,50961.08246,63701.35307,78.31
3,4000,-20,4900,53106.57942,66383.22427,78.04
3,4000,-20,5000,55296.31343,69120.39179,77.75
3,4000,-20,5100,57530.28449,71912.85562,77.44
3,4000,-20,5200,59808.49261,74760.61576,77.11
3,4000,-20,5300,62130.93777,77663.67221,76.76
3,4000,-20,5400,64497.61999,80622.02498,76.39
3,4000,-20,5500,66908.53925,83635.67406,76
3,4000,-20,5600,69363.69557,86704.61946,75.59
3,4000,-20,5700,71863.08893,89828.86117,75.16
3,4000,-20,5800,74406.71935,93008.39919,74.71
3,4000,-20,5900,76994.58682,96243.23353,74.24
3,4000,-20,6000,79626.69134,99533.36417,73.75
3,4000,0,1000,2211.3,2764.125,73.75
3,4000,0,1100,2675.673,3344.59125,74.24
3,4000,0,1200,3184.272,3980.34,74.71
3,4000,0,1300,3737.097,4671.37125,75.16
3,4000,0,1400,4334.148,5417.685,75.59
3,4000,0,1500,4975.425,6219.28125,76
3,4000,0,1600,5660.928,7076.16,76.39
3,4000,0,1700,6390.657,7988.32125,76.76
3,4000,0,1800,7164.612,8955.765,77.11
3,4000,0,1900,7982.793,9978.49125,77.44
3,4000,0,2000,8845.2,11056.5,77.75
3,4000,0,2100,9751.833,12189.79125,78.04
3,4000,0,2200,10702.692,13378.365,78.31
3,4000,0,2300,11697.777,14622.22125,78.56
3,4000,0,2400,12737.088,15921.36,78.79
3,4000,0,2500,13820.625,17275.78125,79
3,4000,0,2600,14948.388,18685.485,79.19
3,4000,0,2700,16120.377,20150.47125,79.36
3,4000,0,2800,17336.592,21670.74,79.51
3,4000,0,2900,18597.033,23246.29125,79.64
3,4000,0,3000,19901.7,24877.125,79.75
3,4000,0,3100,21250.593,26563.24125,79.84
3,4000,0,3200,22643.712,28304.64,79.91
3,4000,0,3300,24081.057,30101.32125,79.96
3,4000,0,3400,25562.628,31953.285,79.99
3,4000,0,3500,27088.425,33860.53125,80
3,4000,0,3600,28658.448,35823.06,79.99
3,4000,0,3700,30272.697,37840.87125,79.96
3,4000,0,3800,31931.172,39913.965,79.91
3,4000,0,3900,33633.873,42042.34125,79.84
3,4000,0,4000,35380.8,44226,79.75
3,4000,0,4100,37171.953,46464.94125,79.64
3,4000,0,4200,39007.332,48759.165,79.51
3,4000,0,4300,40886.937,51108.67125,79.36
3,4000,0,4400,42810.768,53513.46,79.19
3,4000,0,4500,44778.825,55973.53125,79
3,4000,0,4600,46791.108,58488.885,78.79
3,4000,0,4700,48847.617,61059.52125,78.56
3,4000,0,4800,50948.352,63685.44,78.31
3,4000,0,4900,53093.313,66366.64125,78.04
3,4000,0,5000,55282.5,69103.125,77.75
3,4000,0,5100,57515.913,71894.89125,77.44
3,4000,0,5200,59793.552,74741.94,77.11
3,4000,0,5300,62115.417,77644.27125,76.76
3,4000,0,5400,64481.508,80601.885,76.39
3,4000,0,5500,66891.825,83614.78125,76
3,4000,0,5600,69346.368,86682.96,75.59
3,4000,0,5700,71845.137,89806.42125,75.16
3,4000,0,5800,74388.132,92985.165,74.71
3,4000,0,5900,76975.353,96219.19125,74.24
3,4000,0,6000,79606.8,99508.5,73.75
3,4000,20,1000,2210.747463,2763.434328,73.75
3,4000,20,1100,2675.00443,3343.755537,74.24
3,4000,20,1200,3183.476346,3979.345433,74.71
3,4000,20,1300,3736.163212,4670.204015,75.16
3,4000,20,1400,4333.065027,5416.331284,75.59
3,4000,20,1500,4974.181791,6217.727239,76
3,4000,20,1600,5659.513505,7074.391881,76.39
3,4000,20,1700,6389.060167,7986.325209,76.76
3,4000,20,1800,7162.821779,8953.527224,77.11
3,4000,20,1900,7980.798341,9975.997926,77.44
3,4000,20,2000,8842.989851,11053.73731,77.75
3,4000,20,2100,9749.396311,12186.74539,78.04
3,4000,20,2200,10700.01772,13375.02215,78.31
3,4000,20,2300,11694.85408,14618.5676,78.56
3,4000,20,2400,12733.90539,15917.38173,78.79
3,4000,20,2500,13817.17164,17271.46455,79
3,4000,20,2600,14944.65285,18680.81606,79.19
3,4000,20,2700,16116.349,20145.43625,79.36
3,4000,20,2800,17332.26011,21665.32514,79.51
3,4000,20,2900,18592.38616,23240.4827,79.64
3,4000,20,3000,19896.72717,24870.90896,79.75
3,4000,20,3100,21245.28312,26556.6039,79.84
3,4000,20,3200,22638.05402,28297.56752,79.91
3,4000,20,3300,24075.03987,30093.79984,79.96
3,4000,20,3400,25556.24067,31945.30084,79.99
3,4000,20,3500,27081.65642,33852.07052,80
3,4000,20,3600,28651.28712,35814.1089,79.99
3,4000,20,3700,30265.13277,37831.41596,79.96
3,4000,20,3800,31923.19336,39903.9917,79.91
3,4000,20,3900,33625.46891,42031.83614,79.84
3,4000,20,4000,35371.9594,44214.94926,79.75
3,4000,20,4100,37162.66485,46453.33106,79.64
3,4000,20,4200,38997.58524,48746.98155,79.51
3,4000,20,4300,40876.72059,51095.90073,79.36
3,4000,20,4400,42800.07088,53500.0886,79.19
3,4000,20,4500,44767.63612,55959.54515,79
3,4000,20,4600,46779.41631,58474.27039,78.79
3,4000,20,4700,48835.41145,61044.26432,78.56
3,4000,20,4800,50935.62154,63669.52693,78.31
3,4000,20,4900,53080.04658,66350.05823,78.04
3,4000,20,5000,55268.68657,69085.85821,77.75
3,4000,20,5100,57501.54151,71876.92688,77.44
3,4000,20,5200,59778.61139,74723.26424,77.11
3,4000,20,5300,62099.89623,77624.87029,76.76
3,4000,20,5400,64465.39601,80581.74502,76.39
3,4000,20,5500,66875.11075,83593.88844,76
3,4000,20,5600,69329.04043,86661.30054,75.59
3,4000,20,5700,71827.18507,89783.98133,75.16
3,4000,20,5800,74369.54465,92961.93081,74.71
3,4000,20,5900,76956.11918,96195.14897,74.24
3,4000,20,6000,79586.90866,99483.63583,73.75
